Keyword;Tags
Elektronikentwicklung;Kernbegriff,Entwicklung
Elektronikentwicklung Dienstleister;Kernbegriff,Entwicklung
Elektronik Entwicklungsdienstleister;Kernbegriff,Entwicklung
Elektronikentwicklung Outsourcing;Kernbegriff,Entwicklung
Elektronikentwicklung Deutschland;Kernbegriff,Entwicklung
Elektronikentwicklung NRW;Kernbegriff,Entwicklung,Regional
Elektronikentwicklung Dortmund;Kernbegriff,Entwicklung,Regional
EMS Dienstleister;Kernbegriff,Fertigung
EMS Dienstleister Deutschland;Kernbegriff,Fertigung
EMS Fertigung;Kernbegriff,Fertigung
EMS Fertigung Deutschland;Kernbegriff,Fertigung
EMS Partner;Kernbegriff,Fertigung
Electronic Manufacturing Services;Kernbegriff,Fertigung
Elektronikfertigung;Kernbegriff,Fertigung
Elektronikfertigung Deutschland;Kernbegriff,Fertigung
Elektronikfertigung Dienstleister;Kernbegriff,Fertigung
Auftragsfertigung Elektronik;Kernbegriff,Fertigung
Kontraktfertigung Elektronik;Kernbegriff,Fertigung
Leistungselektronik Entwicklung;Leistungselektronik,Entwicklung
Leistungselektronik Dienstleister;Leistungselektronik,Entwicklung
Leistungselektronik Design;Leistungselektronik,Entwicklung
Leistungselektronik Hersteller;Leistungselektronik,Entwicklung
Power Electronics Development;Leistungselektronik,Entwicklung,EN
Power Electronics Design Service;Leistungselektronik,Entwicklung,EN
SiC Leistungselektronik;Leistungselektronik,Technologie
GaN Leistungselektronik;Leistungselektronik,Technologie
SiC Inverter Entwicklung;Leistungselektronik,Technologie
GaN Konverter Entwicklung;Leistungselektronik,Technologie
Wide Bandgap Halbleiter Elektronik;Leistungselektronik,Technologie
DC DC Wandler Entwicklung;Leistungselektronik,Produkt
Wechselrichter Entwicklung;Leistungselektronik,Produkt
Frequenzumrichter Entwicklung;Leistungselektronik,Produkt
Motorsteuerung Entwicklung;Leistungselektronik,Produkt
Onboard Charger Entwicklung;Leistungselektronik,Produkt,Automotive
Ladegerät Entwicklung Elektrofahrzeug;Leistungselektronik,Produkt,Automotive
Antriebselektronik;Antriebstechnik,Entwicklung
Antriebselektronik Entwicklung;Antriebstechnik,Entwicklung
Antriebselektronik Dienstleister;Antriebstechnik,Entwicklung
E-Motor Steuerung Entwicklung;Antriebstechnik,Entwicklung
E-Motor Design;Antriebstechnik,Entwicklung
Motorcontroller Entwicklung;Antriebstechnik,Entwicklung
Motorsteuergerät Entwicklung;Antriebstechnik,Entwicklung
BLDC Motor Ansteuerung;Antriebstechnik,Technologie
PMSM Motorsteuerung;Antriebstechnik,Technologie
FOC Regelung Entwicklung;Antriebstechnik,Technologie
Traktionsinverter Entwicklung;Antriebstechnik,Automotive
Antriebsregler Entwicklung;Antriebstechnik,Produkt
Servoantrieb Elektronik Entwicklung;Antriebstechnik,Produkt
thermisches Management Elektronik;Thermik,Entwicklung
thermisches Design Elektronik;Thermik,Entwicklung
Wärmemanagement Elektronik;Thermik,Entwicklung
Thermomanagement Leiterplatte;Thermik,Entwicklung
Entwärmung Elektronik;Thermik,Entwicklung
Kühlkonzept Elektronik;Thermik,Entwicklung
thermische Simulation Elektronik;Thermik,Simulation
Wärmesimulation Leistungselektronik;Thermik,Simulation
thermisch anspruchsvolle Elektronik;Thermik,Entwicklung
Hochtemperatur Elektronik;Thermik,Technologie
Mechatronik Entwicklung;Mechatronik,Entwicklung
Mechatronik Dienstleister;Mechatronik,Entwicklung
mechatronische Systeme Entwicklung;Mechatronik,Entwicklung
Mechatronik Design;Mechatronik,Entwicklung
Hardware Entwicklung Elektronik;Hardware,Entwicklung
Hardware Design Dienstleister;Hardware,Entwicklung
Schaltungsentwicklung;Hardware,Entwicklung
Schaltungsdesign Dienstleister;Hardware,Entwicklung
Schaltplan Entwicklung;Hardware,Entwicklung
PCB Layout;Hardware,Entwicklung
PCB Design Dienstleister;Hardware,Entwicklung
PCB Layout Service;Hardware,Entwicklung
Leiterplatten Layout;Hardware,Entwicklung
Leiterplatten Design;Hardware,Entwicklung
Multilayer PCB Design;Hardware,Entwicklung
High Speed PCB Design;Hardware,Entwicklung
EMV gerechtes Design;Hardware,EMV
EMV Design Elektronik;Hardware,EMV
Embedded Firmware Entwicklung;Software,Entwicklung
Embedded Software Entwicklung;Software,Entwicklung
Embedded Systems Entwicklung;Software,Entwicklung
Embedded Entwicklung Dienstleister;Software,Entwicklung
Firmware Entwicklung Dienstleister;Software,Entwicklung
FPGA Entwicklung;Software,Entwicklung
Mikrocontroller Programmierung;Software,Entwicklung
RTOS Entwicklung;Software,Entwicklung
Applikationssoftware Entwicklung;Software,Entwicklung
IoT Entwicklung Dienstleister;Software,Entwicklung
Cloud Anbindung Elektronik;Software,Entwicklung
SMD Bestückung;Fertigung,SMD
SMD Bestückung Dienstleister;Fertigung,SMD
SMD Bestückung Prototypen;Fertigung,SMD,Prototyp
SMD Bestückung Kleinserie;Fertigung,SMD
SMD Bestückung Großserie;Fertigung,SMD
THT Bestückung;Fertigung,THT
Leiterplattenbestückung;Fertigung,Bestückung
Leiterplatten bestücken lassen;Fertigung,Bestückung
Platinen bestücken lassen;Fertigung,Bestückung
Baugruppenfertigung;Fertigung,Baugruppe
Baugruppen fertigen lassen;Fertigung,Baugruppe
Baugruppenmontage Elektronik;Fertigung,Baugruppe
elektronische Baugruppen Fertigung;Fertigung,Baugruppe
Prototypen Elektronik;Fertigung,Prototyp
Prototypenfertigung Elektronik;Fertigung,Prototyp
Elektronik Prototyp fertigen lassen;Fertigung,Prototyp
Rapid Prototyping Elektronik;Fertigung,Prototyp
Serienfertigung Elektronik;Fertigung,Serie
Kleinserienfertigung Elektronik;Fertigung,Serie
Elektronik Serienfertigung Deutschland;Fertigung,Serie
Selektivlöten;Fertigung,Prozess
Conformal Coating;Fertigung,Prozess
Schutzlackierung Elektronik;Fertigung,Prozess
Verguss Elektronik;Fertigung,Prozess
Kabelkonfektionierung;Fertigung,Prozess
AOI Prüfung;Fertigung,Qualität
Automatische optische Inspektion;Fertigung,Qualität
ICT Test Elektronik;Fertigung,Qualität
Funktionstest Elektronik;Fertigung,Qualität
Traceability Elektronik;Fertigung,Qualität
Rückverfolgbarkeit Elektronikfertigung;Fertigung,Qualität
IPC Zertifizierung;Fertigung,Qualität
Simulation Elektronik;Simulation
Schaltungssimulation;Simulation
EMV Simulation;Simulation,EMV
thermische Simulation;Simulation,Thermik
COMSOL Simulation Elektronik;Simulation,Tool
PLECS Simulation;Simulation,Tool
LTspice Simulation;Simulation,Tool
Spice Simulation Dienstleister;Simulation,Tool
FEM Simulation Elektronik;Simulation
EMV Prüfung;EMV,Test
EMV Test;EMV,Test
EMV Messung;EMV,Test
EMV Zertifizierung;EMV,Test
EMV Labor;EMV,Test
CE Kennzeichnung Elektronik;EMV,Zertifizierung
Umwelttest Elektronik;Test,Qualität
Klimatest Elektronik;Test,Qualität
Vibrationsprüfung Elektronik;Test,Qualität
Lebensdauertest Elektronik;Test,Qualität
funktionale Sicherheit Elektronik;Sicherheit,Automotive
ISO 26262 Entwicklung;Sicherheit,Automotive
FuSi Elektronik;Sicherheit,Automotive
ASIL Entwicklung;Sicherheit,Automotive
ISO 9001 Elektronikfertigung;Zertifizierung,Qualität
IATF 16949 Elektronik;Zertifizierung,Automotive
Automotive Elektronik Entwicklung;Branche,Automotive
Automotive Elektronik Dienstleister;Branche,Automotive
Steuergerät Entwicklung Automotive;Branche,Automotive
ECU Entwicklung;Branche,Automotive
Industrieelektronik Entwicklung;Branche,Industrie
Industrieautomation Elektronik;Branche,Industrie
Medizintechnik Elektronik Entwicklung;Branche,Medizin
Medizinelektronik;Branche,Medizin
Gebäudetechnik Elektronik;Branche,Gebäude
Smart Home Elektronik Entwicklung;Branche,Gebäude
Obsoleszenzmanagement;Lifecycle
Obsoleszenzmanagement Elektronik;Lifecycle
Bauteilabkündigung Management;Lifecycle
Redesign Elektronik;Lifecycle
Re-Engineering Elektronik;Lifecycle
Ersatzteilversorgung Elektronik;Lifecycle
Reparatur Elektronik Baugruppen;Lifecycle
Elektronik Reparatur Service;Lifecycle
UX Design Elektronik;UX,Entwicklung
Interface Engineering;UX,Entwicklung
HMI Entwicklung;UX,Entwicklung
Bedienoberfläche Entwicklung;UX,Entwicklung
Webapplikation Entwicklung;Software,Digital
App Entwicklung Industrie;Software,Digital
Digitalisierung Elektronik;Software,Digital
Entwicklung und Fertigung aus einer Hand;USP
Entwicklungspartner Elektronik;USP
Fertigungspartner Elektronik;USP
Elektronik Partner Mittelstand;USP
ODM Elektronik Deutschland;USP
OEM Elektronik Partner;USP
Elektronik Komplettlösung;USP
Elektronik von der Idee bis zur Serie;USP
Stücklistenoptimierung;Beschaffung
Bauteilbeschaffung Elektronik;Beschaffung
Supply Chain Management Elektronik;Beschaffung
Second Source Strategie;Beschaffung
BOM Optimierung;Beschaffung
Validierung Elektronik;Test,Qualität
Serienvalidierung Elektronik;Test,Qualität
Design for Manufacturing;Entwicklung,DFM
Design for Testability;Entwicklung,DFM
DFM Elektronik;Entwicklung,DFM
V-Modell Elektronikentwicklung;Entwicklung,Prozess
Systemarchitektur Elektronik;Entwicklung,Prozess
Anforderungsmanagement Elektronik;Entwicklung,Prozess
power electronics Germany;EN,Leistungselektronik
EMS provider Germany;EN,Fertigung
electronics development Germany;EN,Entwicklung
PCB assembly Germany;EN,Fertigung
electronic manufacturing Germany;EN,Fertigung
motor control electronics;EN,Antriebstechnik
thermal management electronics;EN,Thermik
drive electronics development;EN,Antriebstechnik
embedded systems Germany;EN,Software
contract electronics manufacturing;EN,Fertigung
